,precision,recall,f1-score,support
0,0.9201101928374655,0.8630490956072352,0.8906666666666666,387.0
1,0.3764705882352941,0.5245901639344263,0.4383561643835616,61.0
accuracy,0.8169642857142857,0.8169642857142857,0.8169642857142857,0.8169642857142857
macro avg,0.6482903905363798,0.6938196297708308,0.6645114155251142,448.0
weighted avg,0.8460878359608305,0.8169642857142857,0.8290797455968688,448.0
