,precision,recall,f1-score,support
0,0.9255663430420712,0.8881987577639752,0.9064976228209193,322.0
1,0.8787878787878788,0.9190140845070423,0.8984509466437177,284.0
accuracy,0.9026402640264026,0.9026402640264026,0.9026402640264026,0.9026402640264026
macro avg,0.902177110914975,0.9036064211355087,0.9024742847323185,606.0
weighted avg,0.9036437624344957,0.9026402640264026,0.9027265732593265,606.0
