,precision,recall,f1-score,support
0,0.9929006085192698,0.9989795918367347,0.9959308240081384,980.0
1,0.999034749034749,0.9932821497120922,0.996150144369586,1042.0
accuracy,0.9960435212660732,0.9960435212660732,0.9960435212660732,0.9960435212660732
macro avg,0.9959676787770093,0.9961308707744134,0.9960404841888622,2022.0
weighted avg,0.9960617234634485,0.9960435212660732,0.996043846667203,2022.0
