,precision,recall,f1-score,support
0,0.8809523809523809,0.8644859813084113,0.8726415094339623,214.0
1,0.8699551569506726,0.8858447488584474,0.8778280542986424,219.0
accuracy,0.8752886836027713,0.8752886836027713,0.8752886836027713,0.8752886836027713
macro avg,0.8754537689515267,0.8751653650834293,0.8752347818663024,433.0
weighted avg,0.8753902745866208,0.8752886836027713,0.8752647272754519,433.0
