,precision,recall,f1-score,support
0,0.9272727272727272,0.8831168831168831,0.9046563192904656,231.0
1,0.8732394366197183,0.9207920792079208,0.8963855421686747,202.0
accuracy,0.9006928406466512,0.9006928406466512,0.9006928406466512,0.9006928406466512
macro avg,0.9002560819462228,0.901954481162402,0.9005209307295702,433.0
weighted avg,0.9020655108479978,0.9006928406466512,0.9007978967070898,433.0
