,precision,recall,f1-score,support
0,0.9415807560137457,0.8782051282051282,0.9087893864013267,312.0
1,0.8793650793650793,0.9421768707482994,0.909688013136289,294.0
accuracy,0.9092409240924092,0.9092409240924092,0.9092409240924092,0.9092409240924092
macro avg,0.9104729176894125,0.9101909994767138,0.9092386997688078,606.0
weighted avg,0.9113969128871648,0.9092409240924092,0.9092253538271995,606.0
