,precision,recall,f1-score,support
0,0.8854961832061069,0.7682119205298014,0.822695035460993,151.0
1,0.7965116279069767,0.9013157894736842,0.845679012345679,152.0
accuracy,0.834983498349835,0.834983498349835,0.834983498349835,0.834983498349835
macro avg,0.8410039055565418,0.8347638550017428,0.834187023903336,303.0
weighted avg,0.8408570663563781,0.834983498349835,0.8342249512579313,303.0
