,precision,recall,f1-score,support
0,0.9966442953020134,0.9949748743718593,0.9958088851634533,1194.0
1,0.9951377633711507,0.9967532467532467,0.9959448499594484,1232.0
accuracy,0.9958779884583677,0.9958779884583677,0.9958779884583677,0.9958779884583677
macro avg,0.995891029336582,0.995864060562553,0.9958768675614509,2426.0
weighted avg,0.995879230446769,0.9958779884583677,0.9958779324135217,2426.0
