,precision,recall,f1-score,support
0,0.9328859060402684,0.952054794520548,0.9423728813559323,146.0
1,0.9545454545454546,0.9363057324840764,0.9453376205787781,157.0
accuracy,0.9438943894389439,0.9438943894389439,0.9438943894389439,0.9438943894389439
macro avg,0.9437156802928615,0.9441802635023122,0.9438552509673552,303.0
weighted avg,0.9441088404142428,0.9438943894389439,0.9439090663657896,303.0
