,precision,recall,f1-score,support
0,0.9083969465648855,0.7484276729559748,0.8206896551724137,159.0
1,0.7674418604651163,0.9166666666666666,0.8354430379746837,144.0
accuracy,0.8283828382838284,0.8283828382838284,0.8283828382838284,0.8283828382838284
macro avg,0.8379194035150008,0.8325471698113207,0.8280663465735487,303.0
weighted avg,0.8414083907946981,0.8283828382838284,0.8277011638309182,303.0
