,precision,recall,f1-score,support
0,0.9985294117647059,0.9912408759124087,0.9948717948717948,1370.0
1,0.9912344777209642,0.9985283296541575,0.9948680351906158,1359.0
accuracy,0.994869915720044,0.994869915720044,0.994869915720044,0.994869915720044
macro avg,0.994881944742835,0.9948846027832832,0.9948699150312053,2729.0
weighted avg,0.9948966468818019,0.994869915720044,0.9948699226084302,2729.0
