,precision,recall,f1-score,support
0,0.9984423676012462,0.993798449612403,0.9961149961149961,1290.0
1,0.993916349809886,0.998472116119175,0.9961890243902439,1309.0
accuracy,0.9961523662947287,0.9961523662947287,0.9961523662947287,0.9961523662947287
macro avg,0.9961793587055661,0.996135282865789,0.99615201025262,2599.0
weighted avg,0.9961628149698917,0.9961523662947287,0.9961522808446227,2599.0
