,precision,recall,f1-score,support
0,0.8661800486618005,0.6966731898238747,0.772234273318872,511.0
1,0.7412353923205343,0.8897795591182365,0.8087431693989071,499.0
accuracy,0.7920792079207921,0.7920792079207921,0.7920792079207921,0.7920792079207921
macro avg,0.8037077204911673,0.7932263744710556,0.7904887213588896,1010.0
weighted avg,0.8044499659743828,0.7920792079207921,0.790271836827721,1010.0
