,precision,recall,f1-score,support
0,0.8774038461538461,0.7314629258517034,0.7978142076502731,499.0
1,0.7744107744107744,0.9001956947162426,0.832579185520362,511.0
accuracy,0.8168316831683168,0.8168316831683168,0.8168316831683168,0.8168316831683168
macro avg,0.8259073102823102,0.815829310283973,0.8151966965853176,1010.0
weighted avg,0.8252954702521534,0.8168316831683168,0.815403221206328,1010.0
