,precision,recall,f1-score,support
0,0.9933665008291874,0.9991659716430359,0.9962577962577963,1199.0
1,0.9991803278688525,0.993480032599837,0.9963220269718022,1227.0
accuracy,0.9962901896125309,0.9962901896125309,0.9962901896125309,0.9962901896125309
macro avg,0.99627341434902,0.9963230021214364,0.9962899116147992,2426.0
weighted avg,0.996306964876042,0.9962901896125309,0.9962902822784414,2426.0
