,precision,recall,f1-score,support
0,0.8652482269503546,0.8106312292358804,0.83704974271012,301.0
1,0.8240740740740741,0.8754098360655738,0.8489666136724959,305.0
accuracy,0.8432343234323433,0.8432343234323433,0.8432343234323433,0.8432343234323433
macro avg,0.8446611505122144,0.8430205326507271,0.8430081781913079,606.0
weighted avg,0.8445252622188932,0.8432343234323433,0.8430475077984445,606.0
