,precision,recall,f1-score,support
0,0.8846153846153846,0.8288288288288288,0.8558139534883721,222.0
1,0.8311111111111111,0.8862559241706162,0.8577981651376148,211.0
accuracy,0.8568129330254042,0.8568129330254042,0.8568129330254042,0.8568129330254042
macro avg,0.8578632478632479,0.8575423764997225,0.8568060593129934,433.0
weighted avg,0.8585428633465585,0.8568129330254042,0.8567808557008206,433.0
