,precision,recall,f1-score,support
0,0.9065040650406504,0.7034700315457413,0.7921847246891652,317.0
1,0.7388888888888889,0.9204152249134948,0.8197226502311249,289.0
accuracy,0.806930693069307,0.806930693069307,0.806930693069307,0.806930693069307
macro avg,0.8226964769647697,0.811942628229618,0.8059536874601451,606.0
weighted avg,0.8265687747636552,0.806930693069307,0.8053174977611559,606.0
