,precision,recall,f1-score,support
0,0.9941690962099126,0.9980487804878049,0.9961051606621227,1025.0
1,0.9979859013091642,0.9939819458375125,0.9959798994974874,997.0
accuracy,0.9960435212660732,0.9960435212660732,0.9960435212660732,0.9960435212660732
macro avg,0.9960774987595384,0.9960153631626587,0.996042530079805,2022.0
weighted avg,0.9960510718201766,0.9960435212660732,0.9960433973677897,2022.0
