,precision,recall,f1-score,support
0,0.891156462585034,0.9097222222222222,0.9003436426116839,144.0
1,0.9166666666666666,0.89937106918239,0.907936507936508,159.0
accuracy,0.9042904290429042,0.9042904290429042,0.9042904290429042,0.9042904290429042
macro avg,0.9039115646258503,0.9045466457023061,0.904140075274096,303.0
weighted avg,0.9045430053209403,0.9042904290429042,0.9043280174851064,303.0
