,precision,recall,f1-score,support
0,0.9290780141843972,0.8562091503267973,0.891156462585034,153.0
1,0.8641975308641975,0.9333333333333333,0.8974358974358974,150.0
accuracy,0.8943894389438944,0.8943894389438944,0.8943894389438944,0.8943894389438944
macro avg,0.8966377725242973,0.8947712418300653,0.8942961800104656,303.0
weighted avg,0.8969589630357835,0.8943894389438944,0.8942650936993228,303.0
