,precision,recall,f1-score,support
0,0.996031746031746,0.9990049751243781,0.9975161450571286,1005.0
1,0.9990138067061144,0.9960668633235005,0.9975381585425899,1017.0
accuracy,0.9975272007912958,0.9975272007912958,0.9975272007912958,0.9975272007912958
macro avg,0.9975227763689303,0.9975359192239392,0.9975271517998592,2022.0
weighted avg,0.9975316252136612,0.9975272007912958,0.9975272171217745,2022.0
