,precision,recall,f1-score,support
0,0.8896551724137931,0.8431372549019608,0.865771812080537,153.0
1,0.8481012658227848,0.8933333333333333,0.8701298701298702,150.0
accuracy,0.8679867986798679,0.8679867986798679,0.8679867986798679,0.8679867986798679
macro avg,0.8688782191182889,0.868235294117647,0.8679508411052036,303.0
weighted avg,0.8690839315271552,0.8679867986798679,0.867929266560405,303.0
