,precision,recall,f1-score,support
0,0.992,0.9992673992673993,0.9956204379562045,1365.0
1,0.9992614475627769,0.9919354838709677,0.9955849889624723,1364.0
accuracy,0.9956027849028949,0.9956027849028949,0.9956027849028949,0.9956027849028949
macro avg,0.9956307237813884,0.9956014415691835,0.9956027134593384,2729.0
weighted avg,0.995629393358603,0.9956027849028949,0.9956027199542071,2729.0
