,precision,recall,f1-score,support
0,0.9005964214711729,0.8830409356725146,0.8917322834645668,513.0
1,0.8816568047337278,0.8993963782696177,0.8904382470119523,497.0
accuracy,0.8910891089108911,0.8910891089108911,0.8910891089108911,0.8910891089108911
macro avg,0.8911266131024503,0.8912186569710662,0.8910852652382595,1010.0
weighted avg,0.8912766298686875,0.8910891089108911,0.8910955150319436,1010.0
