,precision,recall,f1-score,support
0,0.8937007874015748,0.7491749174917491,0.8150807899461401,303.0
1,0.7840909090909091,0.9108910891089109,0.8427480916030534,303.0
accuracy,0.83003300330033,0.83003300330033,0.83003300330033,0.83003300330033
macro avg,0.8388958482462419,0.83003300330033,0.8289144407745968,606.0
weighted avg,0.8388958482462419,0.83003300330033,0.8289144407745968,606.0
