,precision,recall,f1-score,support
0,0.8952879581151832,0.7633928571428571,0.8240963855421686,224.0
1,0.78099173553719,0.9043062200956937,0.8381374722838137,209.0
accuracy,0.8314087759815243,0.8314087759815243,0.8314087759815243,0.8314087759815243
macro avg,0.8381398468261867,0.8338495386192755,0.8311169289129912,433.0
weighted avg,0.840119573545205,0.8314087759815243,0.8308737230225469,433.0
