,precision,recall,f1-score,support
0,0.8858350951374208,0.8533604887983707,0.8692946058091287,491.0
1,0.8659217877094972,0.8959537572254336,0.8806818181818182,519.0
accuracy,0.8752475247524752,0.8752475247524752,0.8752475247524752,0.8752475247524752
macro avg,0.875878441423459,0.8746571230119021,0.8749882119954735,1010.0
weighted avg,0.8756024153799036,0.8752475247524752,0.8751460545432137,1010.0
