,precision,recall,f1-score,support
0,0.9923136049192929,0.9992260061919505,0.9957578094870806,1292.0
1,0.9992295839753467,0.9923488905891354,0.9957773512476008,1307.0
accuracy,0.9957676029242016,0.9957676029242016,0.9957676029242016,0.9957676029242016
macro avg,0.9957715944473198,0.9957874483905429,0.9957675803673407,2599.0
weighted avg,0.9957915520629105,0.9957676029242016,0.995767636759493,2599.0
