,precision,recall,f1-score,support
0,0.8327759197324415,0.8355704697986577,0.8341708542713568,298.0
1,0.8403908794788274,0.8376623376623377,0.8390243902439024,308.0
accuracy,0.8366336633663366,0.8366336633663366,0.8366336633663366,0.8366336633663366
macro avg,0.8365833996056344,0.8366164037304977,0.8365976222576297,606.0
weighted avg,0.8366462293065122,0.8366336633663366,0.8366376679339709,606.0
