,precision,recall,f1-score,support
0,0.8756756756756757,0.7641509433962265,0.8161209068010076,212.0
1,0.7983870967741935,0.8959276018099548,0.8443496801705757,221.0
accuracy,0.8314087759815243,0.8314087759815243,0.8314087759815243,0.8314087759815243
macro avg,0.8370313862249346,0.8300392726030906,0.8302352934857916,433.0
weighted avg,0.8362281561901618,0.8314087759815243,0.8305286641097248,433.0
