,precision,recall,f1-score,support
0,0.9926590538336052,0.9991789819376026,0.9959083469721767,1218.0
1,0.9991666666666666,0.9925496688741722,0.995847176079734,1208.0
accuracy,0.9958779884583677,0.9958779884583677,0.9958779884583677,0.9958779884583677
macro avg,0.9959128602501359,0.9958643254058874,0.9958777615259553,2426.0
weighted avg,0.9958994480225327,0.9958779884583677,0.9958778875995177,2426.0
