,precision,recall,f1-score,support
0,0.9915644171779141,0.999227202472952,0.9953810623556582,1294.0
1,0.9992277992277993,0.9915708812260536,0.9953846153846154,1305.0
accuracy,0.9953828395536745,0.9953828395536745,0.9953828395536745,0.9953828395536745
macro avg,0.9953961082028566,0.9953990418495029,0.9953828388701368,2599.0
weighted avg,0.9954123254407461,0.9953828395536745,0.9953828463890514,2599.0
