,precision,recall,f1-score,support
0,0.8782435129740519,0.8208955223880597,0.8486017357762778,536.0
1,0.8113948919449901,0.8713080168776371,0.8402848423194303,474.0
accuracy,0.8445544554455445,0.8445544554455445,0.8445544554455445,0.8445544554455445
macro avg,0.844819202459521,0.8461017696328484,0.8444432890478542,1010.0
weighted avg,0.8468709918178388,0.8445544554455445,0.8446985600351435,1010.0
