,precision,recall,f1-score,support
0,0.832271762208068,0.8049281314168378,0.8183716075156576,487.0
1,0.8237476808905381,0.8489483747609943,0.8361581920903954,523.0
accuracy,0.8277227722772277,0.8277227722772277,0.8277227722772277,0.8277227722772277
macro avg,0.828009721549303,0.826938253088916,0.8272648998030265,1010.0
weighted avg,0.8278578072287925,0.8277227722772277,0.827581888439012,1010.0
