,precision,recall,f1-score,support
0,0.9238095238095239,0.8584070796460177,0.8899082568807339,226.0
1,0.8565022421524664,0.9227053140096618,0.8883720930232558,207.0
accuracy,0.8891454965357968,0.8891454965357968,0.8891454965357968,0.8891454965357968
macro avg,0.8901558829809951,0.8905561968278397,0.8891401749519949,433.0
weighted avg,0.8916326016316696,0.8891454965357968,0.8891738783160735,433.0
