,precision,recall,f1-score,support
0,0.9079754601226994,0.7648578811369509,0.8302945301542777,387.0
1,0.2540983606557377,0.5081967213114754,0.3387978142076502,61.0
accuracy,0.7299107142857143,0.7299107142857143,0.7299107142857143,0.7299107142857143
macro avg,0.5810369103892186,0.6365273012242132,0.5845461721809639,448.0
weighted avg,0.8189430872042067,0.7299107142857143,0.7633719862419021,448.0
