,precision,recall,f1-score,support
0,0.9049079754601227,0.7622739018087855,0.8274894810659187,387.0
1,0.2459016393442623,0.4918032786885246,0.3278688524590164,61.0
accuracy,0.7254464285714286,0.7254464285714286,0.7254464285714286,0.7254464285714286
macro avg,0.5754048074021925,0.627038590248655,0.5776791667624676,448.0
weighted avg,0.8151772020157757,0.7254464285714286,0.7594607794029252,448.0
