,precision,recall,f1-score,support
0,0.9309462915601023,0.9405684754521964,0.9357326478149101,387.0
1,0.5964912280701754,0.5573770491803278,0.576271186440678,61.0
accuracy,0.8883928571428571,0.8883928571428571,0.8883928571428571,0.8883928571428571
macro avg,0.7637187598151389,0.7489727623162621,0.7560019171277941,448.0
weighted avg,0.88540665121884,0.8883928571428571,0.8867881184760079,448.0
