,precision,recall,f1-score,support
0,0.927461139896373,0.9250645994832042,0.9262613195342821,387.0
1,0.532258064516129,0.5409836065573771,0.5365853658536586,61.0
accuracy,0.8727678571428571,0.8727678571428571,0.8727678571428571,0.8727678571428571
macro avg,0.729859602206251,0.7330241030202906,0.7314233426939704,448.0
weighted avg,0.873650006864688,0.8727678571428571,0.8732027633411616,448.0
